多囊肾 41655 ['泌尿外科', '', '']
急性咽喉炎 245a3867-31e1-11e6-804e-848f69fd6b70 ['呼吸内科', '耳鼻咽喉科', '']
乳腺腺病 41023 ['乳腺外科', '', '']
先天性斜颈 38980 ['骨科', '', '']
脑萎缩 44334 ['神经内科', '', '']
慢性牙周炎 51d1e1fd-31e1-11e6-804e-848f69fd6b70 ['口腔科', '', '']
肋骨骨折 c49089f9-4a68-11e6-804e-848f69fd6b70 ['骨科', '', '']
焦虑状态 53f62deb-31e0-11e6-804e-848f69fd6b70 ['心理科', '精神科', '']
心脏骤停 42070 ['急诊科', '心血管内科', '']
子宫颈炎 2e6a3a40-31e2-11e6-804e-848f69fd6b70 ['妇科', '', '']
前列腺恶性肿瘤 41662 ['男科', '泌尿外科', '']
滴虫性阴道炎 38311 ['妇科', '', '']
肌无力危象 87f7dc5e-31e0-11e6-804e-848f69fd6b70 ['神经内科', '', '']
创伤性脾破裂 38432 ['普外科', '', '']
鼻前庭炎 43517 ['呼吸内科', '耳鼻咽喉科', '']
低血糖症 1cbd1ed9-31e0-11e6-804e-848f69fd6b70 ['内分泌科', '急诊科', '']
胃十二指肠溃疡[消化性溃疡] 6af282f3-31e1-11e6-804e-848f69fd6b70 ['消化内科', '', '']
急性胃炎 41723 ['消化内科', '', '']
气管受压 38543ab5-31e1-11e6-804e-848f69fd6b70 ['急诊科', '呼吸内科', '']
腱鞘囊肿 38892 ['骨科', '', '']
急性咽炎 2250ed2b-31e1-11e6-804e-848f69fd6b70 ['呼吸内科', '耳鼻咽喉科', '']
胸膜炎 aafb921d-4a68-11e6-804e-848f69fd6b70 ['胸外科', '', '']
自然流产 37060 ['产科', '妇科', '']
老年性白内障 NOS ad57a9b3-31e0-11e6-804e-848f69fd6b70 ['眼科', '', '']
慢性呼吸衰竭 39143 ['呼吸内科', '', '']
老年性紫癜 40153 ['血液科', '', '']
开放性气胸 42179 ['胸外科', '', '']
中耳炎 44289 ['耳鼻咽喉科', '', '']
化脓性脑膜炎 41495 ['神经内科', '', '']
卵巢妊娠 5297ceb1-4a68-11e6-804e-848f69fd6b70 ['产科', '', '']
脾囊肿 693d917e-4a67-11e6-804e-848f69fd6b70 ['普外科', '', '']
肠粘连 44201 ['普外科', '消化内科', '']
咽旁脓肿 43563 ['耳鼻咽喉科', '', '']
三叉神经痛 a2ea164f-4a67-11e6-804e-848f69fd6b70 ['神经内科', '疼痛科', '']
急性心包炎 41906 ['心血管内科', '', '']
下肢静脉曲张 38040 ['血管外科', '', '']
肺水肿 39209 ['呼吸内科', '', '']
内分泌的胰腺恶性肿瘤 820fe966-31df-11e6-804e-848f69fd6b70 ['肿瘤科', '', '']
支气管扩张 42221 ['呼吸内科', '', '']
糖尿病性肾病 41592 ['肾内科', '', '']
破伤风 NOS 1f78b8bd-31df-11e6-804e-848f69fd6b70 ['感染科', '', '']
新生儿呼吸衰竭 83418f50-31e2-11e6-804e-848f69fd6b70 ['新生儿科', '呼吸内科', '']
腺性膀胱炎 39646 ['泌尿外科', '', '']
婴儿湿疹 44397 ['儿科', '皮肤科', '']
急性鼻炎 43541 ['呼吸内科', '耳鼻咽喉科', '']
有机磷中毒 85fb4fdf-31e3-11e6-804e-848f69fd6b70 ['急诊科', '', '']
肾结石 405ff55f-4a68-11e6-804e-848f69fd6b70 ['泌尿外科', '', '']
中暑痉挛 8bcb04be-31e3-11e6-804e-848f69fd6b70 ['急诊科', '', '']
酸中毒 81810459-4a67-11e6-804e-848f69fd6b70 ['急诊科', '', '']
睑板腺囊肿[霰粒肿] 96ce2f00-31e0-11e6-804e-848f69fd6b70 ['眼科', '', '']
痔 NOS 1865f599-31e1-11e6-804e-848f69fd6b70 ['肛肠外科', '', '']
慢性胰腺炎 41860 ['普外科', '消化内科', '']
脊髓空洞症 41225 ['脊柱外科', '', '']
颈动脉动脉硬化 0256fc5e-31e1-11e6-804e-848f69fd6b70 ['神经外科', '血管外科', '']
血小板减少性紫癜 40140 ['血液科', '', '']
睑板腺炎 9683433f-31e0-11e6-804e-848f69fd6b70 ['眼科', '', '']
鼻炎 44194 ['呼吸内科', '耳鼻咽喉科', '']
脑血管病 cbf5b6b6-efe6-4584-aaca-cb4fd1b5b3bd ['神经外科', '神经内科', '']
感染性心内膜炎 78c910ab-9c2b-4928-81c5-70ba19c45a4c ['心血管内科', '', '']
肺纤维化 39210 ['呼吸内科', '', '']
腹腔妊娠 5279269d-4a68-11e6-804e-848f69fd6b70 ['产科', '', '']
抑郁症 44422 ['心理科', '精神科', '']
急性重症胰腺炎 a1d26d71-31e1-11e6-804e-848f69fd6b70 ['普外科', '消化内科', '']
胆囊息肉 41842 ['肝胆外科', '', '']
喉白喉 1ff3bcbd-31df-11e6-804e-848f69fd6b70 ['呼吸内科', '耳鼻咽喉科', '']
佝偻病 70520cda-31e4-11e6-804e-848f69fd6b70 ['儿科', '', '']
尿道炎 39650 ['泌尿外科', '男科', '']
面肌痉挛 7f1f2347-31e0-11e6-804e-848f69fd6b70 ['神经外科', '', '']
败血症 NOS 24b3d9ff-31df-11e6-804e-848f69fd6b70 ['急诊科', '感染科', '']
急性胆囊炎 41852 ['肝胆外科', '', '']
脑外伤后综合征 41427 ['神经外科', '', '']
植物神经功能紊乱 39964 ['神经内科', '', '']
急性附睾炎 39657 ['男科', '泌尿外科', '']
卵巢恶性肿瘤 38351 ['妇科', '肿瘤科', '']
葡萄球菌性肺炎 263007d9-31e1-11e6-804e-848f69fd6b70 ['呼吸内科', '', '']
糖尿病性视网膜病 39825 ['内分泌科', '', '']
酒精性脂肪肝 118786A18659FC4AE0500A0AC86471F9 ['消化内科', '', '']
前列腺肥大(增生) 214b4078-31e2-11e6-804e-848f69fd6b70 ['男科', '泌尿外科', '']
脑炎 44525 ['神经内科', '', '']
肠梗阻伴粘连 8006ce94-31e1-11e6-804e-848f69fd6b70 ['普外科', '消化内科', '']
急性乳突炎 bf491000-4a67-11e6-804e-848f69fd6b70 ['耳鼻咽喉科', '', '']
继发性血小板减少性紫癜 b87b6547-ae22-11e5-9ee2-848f69fd6b70 ['血液科', '', '']
皮肤感染 b1ca8604-31e1-11e6-804e-848f69fd6b70 ['皮肤科', '', '']
急性阴道炎 490819e6-4a68-11e6-804e-848f69fd6b70 ['妇科', '', '']
皮肌炎 40032 ['风湿免疫科', '', '']
肝损伤 2ab2b202-31e3-11e6-804e-848f69fd6b70 ['肝胆外科', '', '']
碱中毒 81961559-4a67-11e6-804e-848f69fd6b70 ['急诊科', '', '']
前置胎盘 37066 ['产科', '', '']
婴儿手足搐搦症 118786A185B5FC4AE0500A0AC86471F9 ['新生儿科', '神经内科', '']
新生儿惊厥 37279 ['新生儿科', '神经内科', '']
股骨颈骨折 38789 ['骨科', '', '']
脑震荡 bf3bc8a6-4a68-11e6-804e-848f69fd6b70 ['神经外科', '', '']
急性会厌炎 44482 ['耳鼻咽喉科', '', '']
急性胃肠炎 118786A18629FC4AE0500A0AC86471F9 ['消化内科', '', '']
肺炎 44223 ['呼吸内科', '', '']
感染性关节炎 d2ba3662-31e1-11e6-804e-848f69fd6b70 ['骨科', '', '']
输卵管妊娠 52891dc4-4a68-11e6-804e-848f69fd6b70 ['产科', '', '']
手皮真菌病 55c55687-31df-11e6-804e-848f69fd6b70 ['皮肤科', '', '']
急性肾盂肾炎 39635 ['泌尿外科', '肾内科', '']
生长激素缺乏症 37940 ['儿科', '内分泌科', '']
化脓性骨髓炎 ac7cea92-ae22-11e5-9ee2-848f69fd6b70 ['骨科', '', '']
溃疡病穿孔 41733 ['消化内科', '普外科', '']
疣 472f664f-31df-11e6-804e-848f69fd6b70 ['皮肤科', '传染科', '']
缩窄性心包炎 41908 ['心血管内科', '', '']
高原性脑水肿 8d8fb3f2-31e3-11e6-804e-848f69fd6b70 ['神经内科', '', '']
脂溢性脱发 c4627607-31e1-11e6-804e-848f69fd6b70 ['皮肤科', '', '']
结核性腹膜炎 38613 ['普外科', '传染科', '']
颅内感染 8e663472-aa19-49af-85e3-a91e60fbfc98 ['神经外科', '', '']
猩红热 38622 ['感染科', '', '']
甲状腺恶性肿瘤 42894 ['普外科', '肿瘤科', '']
阿尔茨海默氏病引起的痴呆 747d98c6-31e0-11e6-804e-848f69fd6b70 ['精神科', '神经内科', '']
急性扁桃体炎 43546 ['呼吸内科', '耳鼻咽喉科', '']
包皮过长 44189 ['男科', '泌尿外科', '']
慢性甲状腺炎 16673cb5-31e0-11e6-804e-848f69fd6b70 ['内分泌科', '', '']
胃肠功能紊乱 39488 ['消化内科', '', '']
颅内压增高 8fa70d74-31e0-11e6-804e-848f69fd6b70 ['神经外科', '', '']
慢性支气管炎急性发作 3a8deb0f-31e1-11e6-804e-848f69fd6b70 ['呼吸内科', '', '']
单胎活产 bc277bae-31e3-11e6-804e-848f69fd6b70 ['产科', '', '']
心脏瓣膜病 44408 ['心血管内科', '心血管外科', '']
阑尾炎 44307 ['普外科', '', '']
胃十二指肠溃疡伴出血 6a1806ff-31e1-11e6-804e-848f69fd6b70 ['消化内科', '', '']
贲门恶性肿瘤 42167 ['普外科', '肿瘤科', '']
乳头溢液 2bfc7854-31e2-11e6-804e-848f69fd6b70 ['乳腺外科', '', '']
急性化脓性胆管炎 44559 ['肝胆外科', '', '']
慢性阑尾炎 40860 ['普外科', '', '']
脾脓肿 692dfb73-4a67-11e6-804e-848f69fd6b70 ['普外科', '', '']
气性坏疽 38570 ['感染科', '皮肤科', '']
痉挛性肠梗阻(假性肠梗阻) 8069a502-31e1-11e6-804e-848f69fd6b70 ['消化内科', '', '']
外阴炎 38158 ['妇科', '', '']
疱疹性咽峡炎 39866 ['耳鼻咽喉科', '', '']
皮肤肿物 d1f19a45-31e1-11e6-804e-848f69fd6b70 ['皮肤科', '', '']
十二指肠淤积 6e97ed7b-31e1-11e6-804e-848f69fd6b70 ['消化内科', '普外科', '']
急腹症 ab3a1076-4a68-11e6-804e-848f69fd6b70 ['急诊科', '普外科', '']
进行性多灶性白质脑病 41375 ['神经内科', '', '']
慢性腹泻 37637 ['消化内科', '', '']
病毒性心肌炎 42082 ['心血管内科', '', '']
天花 38526 ['感染科', '皮肤科', '']
肝炎 44234 ['消化内科', '', '']
花斑癣(花斑糠疹)[艾克斯特德氏病] 56e95a67-31df-11e6-804e-848f69fd6b70 ['皮肤科', '', '']
风疹[流行性蔷薇疹] 46f0147c-31df-11e6-804e-848f69fd6b70 ['皮肤科', '', '']
急性闭角型青光眼 b8ab452a-31e0-11e6-804e-848f69fd6b70 ['眼科', '', '']
结肠肿物 8aa78e0a-31e1-11e6-804e-848f69fd6b70 ['普外科', '', '']
甲状腺结节 12996f1e-31e0-11e6-804e-848f69fd6b70 ['普外科', '内分泌科', '']
中耳胆脂瘤 9be09cc7-2fb9-4c78-9d4c-2eb6f7be82a1 ['耳鼻咽喉科', '', '']
鞘膜积液 39604 ['男科', '泌尿外科', '']
神经官能症 44364 ['心理科', '', '神经内科']
换气过度综合征 39168 ['呼吸内科', '', '']
外痔 17ee24f4-31e1-11e6-804e-848f69fd6b70 ['肛肠外科', '', '']
急性肺水肿 415ef967-31e1-11e6-804e-848f69fd6b70 ['呼吸内科', '', '']
胸腔积液 39263 ['胸外科', '', '']
异染性脑白质营养不良 41213 ['神经内科', '', '']
舌咽神经痛 41393 ['呼吸内科', '耳鼻咽喉科', '']
流行性出血热 41616 ['感染科', '', '']
肘关节结核 38838 ['骨科', '感染科', '']
胰腺囊肿 44420 ['普外科', '消化内科', '']
妊娠合并心脏病 44357 ['产科', '心血管内科', '']
急性呼吸衰竭 39142 ['呼吸内科', '', '']
输卵管积水 118786A186ADFC4AE0500A0AC86471F9 ['妇科', '', '']
心肌病 951fa472-1ada-4d0c-a084-8635ba391f80 ['心血管内科', '', '']
高胡萝卜素血症 7b97ac5c-4a67-11e6-804e-848f69fd6b70 ['营养科', '', '']
跌倒 NOS 14c93231-31e4-11e6-804e-848f69fd6b70 ['骨科', '', '']
心功能不全 44403 ['心血管内科', '', '']
慢性鼻窦炎 44513 ['呼吸内科', '耳鼻咽喉科', '']
血友病 44414 ['血液科', '', '']
股疝 41072 ['普外科', '', '']
哮喘 44398 ['呼吸内科', '', '']
青光眼 NOS ba4756bb-31e0-11e6-804e-848f69fd6b70 ['眼科', '', '']
肺动脉高压 41968 ['心血管内科', '', '']
紧张性头痛 41312 ['神经内科', '', '']
水痘[羊痘] NOS 43f073f5-31df-11e6-804e-848f69fd6b70 ['感染科', '皮肤科', '']
肛门生殖器疱疹 34384796-31df-11e6-804e-848f69fd6b70 ['肛肠外科', '', '']
运动神经元病 9c70cfae-4a67-11e6-804e-848f69fd6b70 ['神经内科', '', '']
脐疝 a13fe1ef-4a68-11e6-804e-848f69fd6b70 ['儿科', '普外科', '']
脑脓肿 41496 ['神经内科', '神经外科', '']
不稳定性心绞痛 c68844d0-4a67-11e6-804e-848f69fd6b70 ['心血管内科', '', '']
慢性中耳炎 64f8112a-3879-4bce-93a6-4009f382392b ['耳鼻咽喉科', '', '']
锁骨骨折 cd0273c3-4a68-11e6-804e-848f69fd6b70 ['骨科', '', '']
慢性肾炎 0d0e29e9-31e2-11e6-804e-848f69fd6b70 ['肾内科', '', '']
不安腿综合征 38123 ['神经内科', '', '']
慢性喉炎 119CA9AC8F9B940EE0500A0AC8642C62 ['呼吸内科', '耳鼻咽喉科', '']
子宫内膜炎 44267 ['妇科', '', '']
桡神经麻痹 8cd46e27-31e0-11e6-804e-848f69fd6b70 ['神经内科', '', '']
多发性硬化 41180 ['神经内科', '', '']
重症肌无力 a7ae9012-4a67-11e6-804e-848f69fd6b70 ['神经内科', '', '']
乳腺炎 2a8e606a-31e2-11e6-804e-848f69fd6b70 ['乳腺外科', '', '']
更年期综合征 38356 ['妇科', '', '']
上消化道出血 b3f126b3-da9c-11e5-a258-f98ed89254eb ['消化内科', '普外科', '']
脱水性中暑衰竭 01ef41be-4a69-11e6-804e-848f69fd6b70 ['急诊科', '', '']
寻常疣 39842 ['皮肤科', '', '']
睾丸炎 44464 ['泌尿外科', '', '']
手癣 40607 ['皮肤科', '', '']
新生儿高胆红素血症 af4a5a1f-ae22-11e5-9ee2-848f69fd6b70 ['新生儿科', '', '']
强直性脊柱炎 38070 ['风湿免疫科', '', '']
脊柱结核 38935 ['脊柱外科', '骨科', '感染科']
急性淋巴管炎 ae925496-31e1-11e6-804e-848f69fd6b70 ['血液科', '', '']
头部外伤 1464002e-31e3-11e6-804e-848f69fd6b70 ['神经外科', '', '']
牙龈瘤 43694 ['口腔科', '', '']
手损伤 44a3f700-31e3-11e6-804e-848f69fd6b70 ['骨科', '', '']
肾错构瘤 39681 ['泌尿外科', '', '']
肺栓塞 41970 ['呼吸内科', '胸外科', '']
慢性活动性肝炎 92544da1-31e1-11e6-804e-848f69fd6b70 ['消化内科', '', '']
翼状胬肉 b01359ba-4a67-11e6-804e-848f69fd6b70 ['眼科', '', '']
鼻窦囊肿 44191 ['呼吸内科', '耳鼻咽喉科', '']
内痔 178ce4ed-31e1-11e6-804e-848f69fd6b70 ['肛肠外科', '', '']
卵巢破裂 ae0dfcf0-ae22-11e5-9ee2-848f69fd6b70 ['妇科', '', '']
肠息肉 41805 ['普外科', '消化内科', '']
胃溃疡 41729 ['消化内科', '', '']
急性鼻窦炎 44488 ['呼吸内科', '耳鼻咽喉科', '']
流行性肌痛 53652cbf-31df-11e6-804e-848f69fd6b70 ['神经内科', '', '']
特发性震颤 9df068dd-4a67-11e6-804e-848f69fd6b70 ['神经内科', '', '']
膜性肾病 41543 ['肾内科', '', '']
蛛网膜下腔出血 41230 ['神经外科', '', '']
肛瘘 40843 ['肛肠外科', '', '']
窦性停搏 41995 ['心血管内科', '', '']
腰椎管狭窄 38923 ['脊柱外科', '骨科', '']
月经过多 38335 ['妇科', '', '']
肺肿物 4965e001-31e1-11e6-804e-848f69fd6b70 ['呼吸内科', '', '']
先天性肠旋转不良 40788 ['新生儿科', '普外科', '']
肝功能异常 03826cda-31e3-11e6-804e-848f69fd6b70 ['消化内科', '', '']
银屑病[牛皮癣] bd24d69e-31e1-11e6-804e-848f69fd6b70 ['皮肤科', '', '']
肝管结石 99e4a8c1-31e1-11e6-804e-848f69fd6b70 ['肝胆外科', '', '']
乳腺(房)恶性肿瘤 NOS 94753bbd-31df-11e6-804e-848f69fd6b70 ['乳腺外科', '', '']
脊柱骨折伴截瘫 5c4f3146-31e3-11e6-804e-848f69fd6b70 ['脊柱外科', '骨科', '']
小脑后下动脉血栓形成 035a515e-31e1-11e6-804e-848f69fd6b70 ['神经内科', '神经外科', '']
鼻咽炎 20b95e1d-31e1-11e6-804e-848f69fd6b70 ['呼吸内科', '耳鼻咽喉科', '']
扁平疣 39844 ['皮肤科', '', '']
致密性骨炎 38931 ['骨科', '', '']
牙周病 43659 ['口腔科', '', '']
腰椎骨折 c86ad479-4a68-11e6-804e-848f69fd6b70 ['脊柱外科', '骨科', '']
张力性气胸 42180 ['胸外科', '', '']
梗阻性黄疸 a0ca1fb4-31e1-11e6-804e-848f69fd6b70 ['普外科', '消化内科', '']
痉挛性斜颈 9da5341e-4a67-11e6-804e-848f69fd6b70 ['神经内科', '骨科', '']
自发性气胸 42181 ['呼吸内科', '', '']
直肠阴道瘘 40844 ['肛肠外科', '', '']
先兆流产 57996063-4a68-11e6-804e-848f69fd6b70 ['产科', '妇科', '']
神经根型颈椎病 38948 ['骨科', '', '']
慢性前列腺炎 44515f69-4a68-11e6-804e-848f69fd6b70 ['男科', '泌尿外科', '']
脑水肿 ab998184-4a67-11e6-804e-848f69fd6b70 ['神经内科', '神经外科', '']
肋软骨炎 44310 ['胸外科', '', '']
多发性大动脉炎 37384 ['心血管外科', '血管外科', '']
迷路炎 c190a092-4a67-11e6-804e-848f69fd6b70 ['耳鼻咽喉科', '', '']
枕骨大孔疝 9057988c-31e0-11e6-804e-848f69fd6b70 ['神经外科', '', '']
糜烂性胃炎 6c70f4fb-31e1-11e6-804e-848f69fd6b70 ['消化内科', '', '']
艾迪生病危象 75c393c8-4a67-11e6-804e-848f69fd6b70 ['内分泌科', '', '']
传染性软疣 39854 ['皮肤科', '感染科', '']
先天性肌强直 41255 ['骨科', '', '']
慢性肾功能不全 14dcd023-31e2-11e6-804e-848f69fd6b70 ['肾内科', '', '']
喉水肿 44271 ['呼吸内科', '耳鼻咽喉科', '']
耵聍栓塞 bdbbb34a-4a67-11e6-804e-848f69fd6b70 ['耳鼻咽喉科', '', '']
手足口病 39860 ['儿科', '感染科', '']
睾丸扭转 39632 ['泌尿外科', '', '']
莱姆病 42708 ['感染科', '神经内科', '']
消瘦 2b0d71e7-31e0-11e6-804e-848f69fd6b70 ['肿瘤科', '', '']
肾肿物 1a599dcd-31e2-11e6-804e-848f69fd6b70 ['泌尿外科', '', '']
皮炎 44346 ['皮肤科', '', '']
脑出血 41229 ['神经外科', '神经内科', '']
瘢痕 cc9099f7-31e1-11e6-804e-848f69fd6b70 ['皮肤科', '', '']
急性播散性脑脊髓炎 41182 ['神经内科', '神经外科', '']
慢性胃炎 41727 ['消化内科', '', '']
急性肾衰竭伴有肾小管坏死 3fdf7dc8-4a68-11e6-804e-848f69fd6b70 ['肾内科', '', '']
肺隐球菌病 39030 ['呼吸内科', '', '']
耳鸣 d68ed3ff-31e0-11e6-804e-848f69fd6b70 ['耳鼻咽喉科', '', '']
甲状腺囊肿 b75092a7-ae22-11e5-9ee2-848f69fd6b70 ['普外科', '内分泌科', '']
肠结核 41755 ['消化内科', '感染科', '']
腰肌劳损 38833 ['骨科', '', '']
肌筋膜炎 44486 ['骨科', '', '']
急性乳腺炎 41010 ['乳腺外科', '', '']
突发性耳聋[特发性聋] d5a01c44-31e0-11e6-804e-848f69fd6b70 ['耳鼻喉科', '', '']
下肢慢性深静脉炎 1371ab13-31e1-11e6-804e-848f69fd6b70 ['血管外科', '', '']
输血反应 942f3cb4-31e3-11e6-804e-848f69fd6b70 ['急诊科', '普外科', '产科']
单纯疱疹 NOS 43623240-31df-11e6-804e-848f69fd6b70 ['皮肤科', '', '']
闭塞性血栓性脉管炎(血栓闭塞性脉管炎)[伯格氏病] 0cab7d93-31e1-11e6-804e-848f69fd6b70 ['血管外科', '', '']
胆管结石 44210 ['肝胆外科', '', '']
甲状舌管囊肿 40941 ['耳鼻喉科', '', '']
新生儿ABO溶血性贫血 8927390a-31e2-11e6-804e-848f69fd6b70 ['新生儿科', '血液科', '']
非典型性肺炎 39099 ['呼吸内科', '', '']
急性输卵管炎 2c8a5375-31e2-11e6-804e-848f69fd6b70 ['妇科', '', '']
气管内异物 18bf1f51-31e4-11e6-804e-848f69fd6b70 ['急诊科', '呼吸内科', '']
坐骨神经痛 44254 ['神经内科', '', '']
急性脑血管病 b18ca4f1-ae22-11e5-9ee2-848f69fd6b70 ['神经外科', '神经内科', '']
慢性子宫颈炎 38345 ['妇科', '', '']
龟头炎 40288 ['男科', '泌尿外科', '']
骨结核 44255 ['骨科', '感染科', '']
羊水栓塞 37154 ['产科', '', '']
产间尿潴留 6a756d55-31e2-11e6-804e-848f69fd6b70 ['产科', '', '']
脑血栓形成 41323 ['神经内科', '', '']
后天性动静脉瘘 d6778916-4a67-11e6-804e-848f69fd6b70 ['血管外科', '', '']
脑性瘫痪 41227 ['神经内科', '', '']
房室传导阻滞 44219 ['心血管内科', '', '']
急性肠梗阻 80598414-31e1-11e6-804e-848f69fd6b70 ['普外科', '消化内科', '']
异位妊娠 44251 ['产科', '', '']
肝肿物 97c934f9-31e1-11e6-804e-848f69fd6b70 ['肝胆外科', '', '']
急性发作的血管性痴呆 83612fb7-4a67-11e6-804e-848f69fd6b70 ['神经内科', '精神科', '']
球后视神经炎 118786A185C7FC4AE0500A0AC86471F9 ['眼科', '', '']
流行性腮腺炎 NOS 52144425-31df-11e6-804e-848f69fd6b70 ['口腔科', '', '']
残冠 55b4a275-31e1-11e6-804e-848f69fd6b70 ['口腔科', '', '']
淋病 NOS 319200b0-31df-11e6-804e-848f69fd6b70 ['感染科', '', '']
子宫颈鳞状上皮不典型增生 3be7c8f6-31e2-11e6-804e-848f69fd6b70 ['妇科', '', '']
新生儿败血症 NOS 84d0d8d5-31e2-11e6-804e-848f69fd6b70 ['新生儿科', '', '']
屈光不正 44355 ['眼科', '', '']
精索恶性肿瘤 467df95e-4a67-11e6-804e-848f69fd6b70 ['泌尿外科', '', '']
腹泻 7b0b8d51-31e1-11e6-804e-848f69fd6b70 ['消化内科', '', '']
结节性甲状腺肿 39771 ['内分泌科', '普外科', '']
慢性荨麻疹 bf7a1a95-31e1-11e6-804e-848f69fd6b70 ['皮肤科', '', '']
绝经后骨质疏松 38360 ['骨科', '妇科', '']
胃十二指肠溃疡伴穿孔 6a702edd-31e1-11e6-804e-848f69fd6b70 ['消化内科', '', '']
病毒性肝炎 NOS 4dee7855-31df-11e6-804e-848f69fd6b70 ['消化内科', '', '']
流行性脑膜炎 219b0051-31df-11e6-804e-848f69fd6b70 ['神经内科', '', '']
新生儿低氧血症 7faedccb-31e2-11e6-804e-848f69fd6b70 ['新生儿科', '呼吸内科', '']
Ⅰ型高脂蛋白血(症) 3c4f1aac-31e0-11e6-804e-848f69fd6b70 ['心血管内科', '', '']
消化不良 44391 ['消化内科', '', '']
中毒性脑病 37891 ['急诊科', '神经内科', '']
日光性荨麻疹 c15cd350-31e1-11e6-804e-848f69fd6b70 ['皮肤科', '', '']
丛集性头痛 41313 ['神经内科', '', '']
腹型过敏性紫癜 00f2a6d9-31e0-11e6-804e-848f69fd6b70 ['皮肤科', '', '']
毒蛇咬伤 40679 ['急诊科', '', '']
肝囊肿 44231 ['肝胆外科', '', '']
脑栓塞 41324 ['神经内科', '', '']
呼吸道感染 4ae58ae8-31e1-11e6-804e-848f69fd6b70 ['呼吸内科', '', '']
椎动脉型颈椎病 38950 ['脊柱外科', '骨科', '']
可卡因中毒 7368575a-31e3-11e6-804e-848f69fd6b70 ['急诊科', '', '']
上呼吸道感染 3b2ce2fb-2606-11e6-a258-f98ed89254eb ['呼吸内科', '', '']
新生儿呼吸窘迫综合征 37228 ['新生儿科', '呼吸内科', '']
甲状腺肿 12f18dce-31e0-11e6-804e-848f69fd6b70 ['内分泌科', '普外科', '']
大麻类物质急性中毒 866108fc-4a67-11e6-804e-848f69fd6b70 ['急诊科', '', '']
红斑狼疮 40028 ['风湿免疫科', '', '']
肾动脉狭窄 42060 ['肾内科', '', '']
肝硬化 41831 ['消化内科', '肝胆外科', '普外科']
头癣 40603 ['皮肤科', '', '']
肠扭转 41775 ['普外科', '', '']
病毒性脑炎 3db7f086-31df-11e6-804e-848f69fd6b70 ['神经内科', '', '']
膀胱外翻 99f44234-4a68-11e6-804e-848f69fd6b70 ['泌尿外科', '', '']
高尿酸血症 38049 ['风湿免疫科', '', '']
白内障 NOS aec25a4c-31e0-11e6-804e-848f69fd6b70 ['眼科', '', '']
肠功能紊乱 84742087-31e1-11e6-804e-848f69fd6b70 ['消化内科', '普外科', '']
新生儿窒息 NOS 7f9097df-31e2-11e6-804e-848f69fd6b70 ['新生儿科', '呼吸内科', '']
狼疮性肾炎 41582 ['风湿免疫科', '肾内科', '']
慢性白血病 NOS (C95.1) 6d1b1923-31e4-11e6-804e-848f69fd6b70 ['血液科', '', '']
入脑前动脉血栓形成引起的脑梗死 d19ec145-4a67-11e6-804e-848f69fd6b70 ['神经内科', '神经外科', '']
阵发性室上性心动过速 39399 ['心血管内科', '', '']
先天性心脏病(CHD) a6da6939-31e2-11e6-804e-848f69fd6b70 ['心血管外科', '胸外科', '儿科']
慢性支气管炎 39199 ['呼吸内科', '', '']
血胸 42182 ['胸外科', '', '']
肺部阴影 01bb4a5f-31e3-11e6-804e-848f69fd6b70 ['呼吸内科', '', '']
痴呆 NOS 4755f52d-31e0-11e6-804e-848f69fd6b70 ['神经内科', '', '']
输尿管结石 406ea163-4a68-11e6-804e-848f69fd6b70 ['泌尿外科', '', '']
颅内动脉瘤 41467 ['神经外科', '', '']
多汗症 40167 ['皮肤科', '内分泌科', '']
巩膜炎 b0a7ddcb-4a67-11e6-804e-848f69fd6b70 ['眼科', '', '']
痤疮 NOS c66723a3-31e1-11e6-804e-848f69fd6b70 ['皮肤科', '', '']
脂肪肝 37171 ['消化内科', '', '']
创伤性休克 38704 ['急诊科', '', '']
苯丙酮尿症 41218 ['儿科', '内分泌科', '']
抑郁状态 524d415a-31e0-11e6-804e-848f69fd6b70 ['心理科', '精神科', '']
胸椎结核 abcf3221-ae22-11e5-9ee2-848f69fd6b70 ['胸外科', '感染科', '']
血容量不足性休克 b2532de0-4a68-11e6-804e-848f69fd6b70 ['急诊科', '', '']
腱鞘炎 44293 ['骨科', '', '']
腕关节结核 38839 ['骨科', '感染科', '']
嵌顿性股疝 752f6e92-31e1-11e6-804e-848f69fd6b70 ['普外科', '', '']
子宫粘连 2ff504bf-31e2-11e6-804e-848f69fd6b70 ['妇科', '', '']
肠道念珠菌病 58fae144-31df-11e6-804e-848f69fd6b70 ['消化内科', '', '']
足癣 55d3fcc3-31df-11e6-804e-848f69fd6b70 ['皮肤科', '', '']
结节性红斑 38036 ['皮肤科', '', '']
胃恶性肿瘤 40763 ['普外科', '消化内科', '肿瘤科']
慢性鼻炎 43542 ['耳鼻咽喉科', '呼吸内科', '']
体癣 40604 ['皮肤科', '', '']
机械性肠梗阻 8048ee9f-31e1-11e6-804e-848f69fd6b70 ['普外科', '消化内科', '']
脑棘球蚴病 41506 ['神经内科', '', '']
喉炎 44474 ['呼吸内科', '耳鼻咽喉科', '']
吸入性肺炎 39250 ['呼吸内科', '', '']
大叶性肺炎 27cc4877-31e1-11e6-804e-848f69fd6b70 ['呼吸内科', '', '']
口角炎 40285 ['口腔科', '', '']
睡眠呼吸暂停综合征 39171 ['呼吸内科', '', '']
室性心动过速 ce8a4698-4a67-11e6-804e-848f69fd6b70 ['心血管内科', '', '']
肾病综合征 41544 ['肾内科', '', '']
原生动物性痢疾 0186d526-31df-11e6-804e-848f69fd6b70 ['消化内科', '', '']
直肠息肉 40854 ['肛肠外科', '', '']
慢性膀胱炎 39644 ['泌尿外科', '', '']
阴囊湿疹 44424 ['皮肤科', '', '']
窦性心动过速 41990 ['心血管内科', '', '']
带状疱疹 NOS 45c99885-31df-11e6-804e-848f69fd6b70 ['皮肤科', '', '']
睑腺炎[麦粒肿;迈博姆;察司] 9692d7c8-31e0-11e6-804e-848f69fd6b70 ['眼科', '', '']
短暂性脑缺血[阿尔瓦雷斯氏综合征TIA] 7d5c9fe1-31e0-11e6-804e-848f69fd6b70 ['神经内科', '', '']
咽炎 44436 ['呼吸内科', '耳鼻咽喉科', '']
口腔粘膜溃疡 61e09f51-31e1-11e6-804e-848f69fd6b70 ['口腔科', '', '']
急性肾小球肾炎 41541 ['肾内科', '', '']
肠梗阻 41764 ['普外科', '消化内科', '']
急性出血性肠炎 7b2a7261-31e1-11e6-804e-848f69fd6b70 ['普外科', '', '']
龋齿 43571 ['口腔科', '', '']
子宫原位癌 be318871-31df-11e6-804e-848f69fd6b70 ['妇科', '肿瘤科', '']
梅毒 NOS 2f59071a-31df-11e6-804e-848f69fd6b70 ['感染科', '', '']
充血性心力衰竭 cf5aee44-4a67-11e6-804e-848f69fd6b70 ['心血管内科', '', '']
急性胰腺炎 38422 ['普外科', '消化内科', '']
多囊卵巢综合征 763bd56b-4a67-11e6-804e-848f69fd6b70 ['妇科', '', '']
视网膜色素变性 b63cec1a-31e0-11e6-804e-848f69fd6b70 ['眼科', '', '']
痛经 44478 ['妇科', '', '']
急性弥漫性腹膜炎 8b53a34f-31e1-11e6-804e-848f69fd6b70 ['普外科', '', '']
肠炎 44200 ['消化内科', '', '']
精索静脉曲张 39619 ['泌尿外科', '', '']
失眠 41306 ['神经内科', '', '']
便血 a7ab6f8f-31e1-11e6-804e-848f69fd6b70 ['消化内科', '普外科', '']
唇炎 b06cc49a-ae22-11e5-9ee2-848f69fd6b70 ['口腔科', '', '']
肾病综合征伴微小病变型肾小球肾炎 0d4ea9cc-31e2-11e6-804e-848f69fd6b70 ['肾内科', '', '']
胃损伤 caae736b-4a68-11e6-804e-848f69fd6b70 ['普外科', '', '']
鼻骨骨折 bd173f94-4a68-11e6-804e-848f69fd6b70 ['耳鼻咽喉科', '骨科', '']
十二指肠溃疡 40785 ['消化内科', '', '']
淋巴结炎 1c43c587-31e1-11e6-804e-848f69fd6b70 ['全身', '', '']
急性上呼吸道感染 64406562-8643-11e7-b11b-1866da8f1f23 ['呼吸内科', '', '']
尿道损伤 cb4b594c-4a68-11e6-804e-848f69fd6b70 ['泌尿外科', '男科', '']
脊柱裂 38985 ['脊柱外科', '骨科', '']
低钾血症 81d2a577-4a67-11e6-804e-848f69fd6b70 ['心血管内科', '消化内科', '内分泌科']
上肢深静脉血栓形成 40882 ['血管外科', '', '']
血栓性血小板减少性紫癜 41572 ['血液科', '', '']
急性纵隔炎 39120 ['胸外科', '', '']
间歇性外斜视 44399 ['眼科', '', '']
遗传性共济失调 41197 ['神经内科', '', '']
念珠菌性阴道炎 58637bdc-31df-11e6-804e-848f69fd6b70 ['妇科', '', '']
肾功能异常 0373c1ac-31e3-11e6-804e-848f69fd6b70 ['肾内科', '', '']
脊髓前角灰质炎 38927 ['神经内科', '儿科', '感染科']
脚气病 78d18a46-4a67-11e6-804e-848f69fd6b70 ['营养科', '儿科', '']
骨样骨瘤 43226 ['骨科', '', '']
鼻中隔脓肿 43524 ['呼吸内科', '耳鼻咽喉科', '']
自身免疫性溶血性贫血 42272 ['血液科', '', '']
急性白血病 NOS (C95.0) 6d0519cc-31e4-11e6-804e-848f69fd6b70 ['血液科', '', '']
陈旧性颅脑开放性伤口 a5733495-31e3-11e6-804e-848f69fd6b70 ['神经外科', '', '']
伤寒 38563 ['感染科', '', '']
过敏性鼻炎(变应性鼻炎) 2a820986-31e1-11e6-804e-848f69fd6b70 ['呼吸内科', '耳鼻咽喉科', '']
高血压性脑病 05a63a4b-31e1-11e6-804e-848f69fd6b70 ['神经内科', '心血管内科', '']
急性腹膜炎 b0af6369-ae22-11e5-9ee2-848f69fd6b70 ['普外科', '', '']
脊髓蛛网膜炎 41516 ['脊柱外科', '', '']
阴道炎 44423 ['妇科', '', '']
脑膜炎 44524 ['神经内科', '', '']
单纯性紫癜 44208 ['血液科', '', '']
肠道菌群失调 a4b0cd0a-31e1-11e6-804e-848f69fd6b70 ['消化内科', '', '']
特应性皮炎 b51f6b39-31e1-11e6-804e-848f69fd6b70 ['皮肤科', '', '']
声带息肉 44371 ['耳鼻咽喉科', '', '']
卵巢囊肿 44317 ['妇科', '', '']
X线、电磁引起电离辐射烧伤 1c08ba21-31e4-11e6-804e-848f69fd6b70 ['烧伤科', '急诊科', '皮肤科']
外耳道炎 44379 ['耳鼻咽喉科', '', '']
胆总管结石 38444 ['肝胆外科', '', '']
肾小球肾病 NOS 0edc96ee-31e2-11e6-804e-848f69fd6b70 ['肾内科', '', '']
肝原位癌 ba55567a-31df-11e6-804e-848f69fd6b70 ['肝胆外科', '消化内科', '肿瘤科']
肾小管酸中毒 41565 ['肾内科', '', '']
尿道结石 40ac1137-4a68-11e6-804e-848f69fd6b70 ['泌尿外科', '男科', '']
接触性皮炎 NOS b9231ead-31e1-11e6-804e-848f69fd6b70 ['皮肤科', '', '']
新生儿出血病 37252 ['新生儿科', '血液科', '']
乳房脓肿 2a4a752a-31e2-11e6-804e-848f69fd6b70 ['乳腺外科', '', '']
消化道出血 44392 ['消化内科', '', '']
腹膜后血肿 41060 ['普外科', '', '']
中暑 b7ed7b35-ae22-11e5-9ee2-848f69fd6b70 ['急诊科', '', '']
声带肿物 33be6292-31e1-11e6-804e-848f69fd6b70 ['耳鼻咽喉科', '', '']
结肠息肉 44498 ['普外科', '消化内科', '']
直肠壶腹恶性肿瘤 7f1700b4-31df-11e6-804e-848f69fd6b70 ['肛肠外科', '', '']
牙周炎 44430 ['口腔科', '', '']
肺外结核 42223 ['感染科', '', '']
心房扑动 42004 ['心血管内科', '', '']
尿道口炎 1e7e6b02-31e2-11e6-804e-848f69fd6b70 ['泌尿外科', '男科', '']
胆囊结石伴胆囊炎 981295f6-31e1-11e6-804e-848f69fd6b70 ['肝胆外科', '', '']
附睾炎 44227 ['男科', '泌尿外科', '']
广泛性焦虑障碍 8fd51571-4a67-11e6-804e-848f69fd6b70 ['心理科', '精神科', '']
颅内占位性病变 ba68d08f-4a68-11e6-804e-848f69fd6b70 ['神经外科', '', '']
创伤性膈疝 42117 ['普外科', '', '']
心肌炎 42081 ['心血管内科', '', '']
毛囊炎 40355 ['皮肤科', '', '']
喉痉挛 341898c5-31e1-11e6-804e-848f69fd6b70 ['呼吸内科', '耳鼻咽喉科', '']
营养性肥胖 317ec154-31e0-11e6-804e-848f69fd6b70 ['营养科', '', '']
妊娠合并白血病 43290 ['产科', '血液科', '']
反流性食管炎 42154 ['消化内科', '', '']
甲癣[甲霉菌病,俗称灰指甲] 557be2af-31df-11e6-804e-848f69fd6b70 ['皮肤科', '', '']
急性阑尾炎 40859 ['普外科', '消化内科', '']
帕金森氏病 706308e4-31e0-11e6-804e-848f69fd6b70 ['神经内科', '', '']
创伤性肝破裂 2a85a9d6-31e3-11e6-804e-848f69fd6b70 ['肝胆外科', '', '']
新生儿黄疸 NOS 8ad8622b-31e2-11e6-804e-848f69fd6b70 ['新生儿科', '', '']
成人呼吸窘迫综合征 39146 ['呼吸内科', '', '']
细菌性阴道炎 30c81c22-31e2-11e6-804e-848f69fd6b70 ['妇科', '', '']
甲状腺腺瘤 42892 ['内分泌科', '普外科', '']
小脑共济失调 6ead42f0-31e0-11e6-804e-848f69fd6b70 ['神经内科', '', '']
产后播散性血管内凝血 68c16a01-31e2-11e6-804e-848f69fd6b70 ['产科', '心血管内科', '']
足损伤 56de91bf-31e3-11e6-804e-848f69fd6b70 ['骨科', '', '']
乳腺囊性增生病(慢性囊性乳腺炎) 2970041d-31e2-11e6-804e-848f69fd6b70 ['乳腺外科', '', '']
原发性血小板增多症 42422 ['血液科', '', '']
幽门螺旋杆菌感染 38571 ['消化内科', '', '']
肾动脉栓塞 39626 ['肾内科', '血管外科', '']
胃结核 41721 ['消化内科', '感染科', '']
热射病和日射病 01bb4791-4a69-11e6-804e-848f69fd6b70 ['急诊科', '', '']
疱疹病毒性脑炎 1e5f9f2e-4a67-11e6-804e-848f69fd6b70 ['神经内科', '', '']
痛风性关节炎 38904 ['风湿免疫科', '', '']
股癣 40605 ['皮肤科', '', '']
急性膀胱炎 41ab4e3a-4a68-11e6-804e-848f69fd6b70 ['泌尿外科', '', '']
偏头痛 7bb742a1-31e0-11e6-804e-848f69fd6b70 ['神经内科', '', '']
神经梅毒 41376 ['神经内科', '', '']
脑积水 44329 ['神经内科', '神经外科', '']
固定性药疹 118786A184B1FC4AE0500A0AC86471F9 ['皮肤科', '', '']
高钠血症 37186 ['神经内科', '肾内科', '心血管内科']
高血压 44238 ['心血管内科', '', '']
子宫内膜息肉 38248 ['妇科', '', '']
慢性肺源性心脏病 39208 ['呼吸内科', '', '']
基底动脉血栓形成 02484e71-31e1-11e6-804e-848f69fd6b70 ['神经内科', '神经外科', '']
肌萎缩侧索硬化 41190 ['神经内科', '', '']
肺炎球菌性肺炎 25e8778f-31e1-11e6-804e-848f69fd6b70 ['呼吸内科', '', '']
多发脑梗死性痴呆 837232bf-4a67-11e6-804e-848f69fd6b70 ['神经内科', '精神科', '']
缺铁性贫血 42292 ['血液科', '', '']
臂丛神经损伤 38726 ['神经外科', '', '']
泪囊炎 42527 ['眼科', '', '']
高脂血症 37176 ['心血管内科', '', '']
原发性开角型青光眼 b7135bf3-4a67-11e6-804e-848f69fd6b70 ['眼科', '', '']
慢性颌下腺炎 59ae9963-31e1-11e6-804e-848f69fd6b70 ['口腔科', '', '']
鼻窦炎 44192 ['呼吸内科', '耳鼻咽喉科', '']
麻疹 NOS 46904064-31df-11e6-804e-848f69fd6b70 ['皮肤科', '', '']
甲状腺机能亢进 39772 ['内分泌科', '', '']
气胸 NOS 4587a6f2-31e1-11e6-804e-848f69fd6b70 ['呼吸内科', '胸外科', '']
二尖瓣脱垂综合征 41981 ['心血管内科', '心血管外科', '']
面神经麻痹[贝尔氏麻痹;面神经炎] 7ee2f0ee-31e0-11e6-804e-848f69fd6b70 ['神经内科', '', '']
胆囊结石 38443 ['肝胆外科', '', '']
风湿性多肌痛 37988 ['风湿免疫科', '', '']
包皮炎 24d311d2-31e2-11e6-804e-848f69fd6b70 ['男科', '泌尿外科', '']
脑膜炎球菌性脑膜炎 38594 ['神经内科', '', '']
肺挫伤 2103d541-31e3-11e6-804e-848f69fd6b70 ['呼吸内科', '', '']
跟腱断裂 44245 ['骨科', '', '']
高泌乳素血症 1f0d4589-31e0-11e6-804e-848f69fd6b70 ['妇科', '内分泌科', '']
未定型麻风 1cbf53e9-31df-11e6-804e-848f69fd6b70 ['皮肤科', '', '']
甲状腺肿物 17539b91-31e0-11e6-804e-848f69fd6b70 ['普外科', '', '']
膀胱输尿管反流 39583 ['泌尿外科', '', '']
胃息肉 41740 ['消化内科', '普外科', '']
急性酒精中毒 4bd82085-31e0-11e6-804e-848f69fd6b70 ['急诊科', '', '']
胆管炎 9d6610ae-31e1-11e6-804e-848f69fd6b70 ['肝胆外科', '', '']
溶血性黄疸 118786A185FDFC4AE0500A0AC86471F9 ['血液科', '', '']
脊索瘤 41514 ['脊柱外科', '骨科', '']
疥疮 40663 ['皮肤科', '', '']
艾滋病(Aids)[获得性免疫缺陷(不全)综合征] 508501ca-31df-11e6-804e-848f69fd6b70 ['感染科', '', '']
急性盆腔炎 38370 ['妇科', '', '']
急性胃扩张 41747 ['普外科', '消化内科', '']
肋间神经痛 8407b98b-31e0-11e6-804e-848f69fd6b70 ['神经内科', '骨科', '']
毒性结节性甲状腺肿 40972 ['内分泌科', '', '']
膀胱结石 409b94cf-4a68-11e6-804e-848f69fd6b70 ['泌尿外科', '', '']
直肠肿物 87faf4f0-31e1-11e6-804e-848f69fd6b70 ['肛肠外科', '', '']
结膜炎 NOS 9f95d889-31e0-11e6-804e-848f69fd6b70 ['眼科', '', '']
慢性阻塞性肺疾病 44323 ['呼吸内科', '', '']
尿毒症 14eb82f6-31e2-11e6-804e-848f69fd6b70 ['肾内科', '', '']
慢性盆腔炎 38371 ['妇科', '', '']
咽结膜热 52b98084-31df-11e6-804e-848f69fd6b70 ['呼吸内科', '耳鼻咽喉科', '']
糖尿病 NOS 1bab728c-31e0-11e6-804e-848f69fd6b70 ['内分泌科', '', '']
肛周脓肿 44236 ['肛肠外科', '', '']
乳房结节 2b5c73ac-31e2-11e6-804e-848f69fd6b70 ['乳腺外科', '', '']
踝关节扭伤 53c9c9df-31e3-11e6-804e-848f69fd6b70 ['骨科', '', '']
角膜炎 44294 ['眼科', '', '']
卵巢扭转 37d5336c-31e2-11e6-804e-848f69fd6b70 ['妇科', '', '']
冠状动脉粥样硬化性心脏病 41949 ['心血管内科', '', '']
先天性髋关节脱位 38966 ['骨科', '', '']
肺念珠菌病 39029 ['呼吸内科', '', '']
动脉粥样硬化 44216 ['心血管内科', '', '']
髋关节结核 38841 ['骨科', '感染科', '']
输尿管损伤 cb2dff20-4a68-11e6-804e-848f69fd6b70 ['泌尿外科', '', '']
尖锐湿疣 40696 ['皮肤科', '男科', '妇科']
精神分裂症 39324 ['精神科', '', '']
腺样体肥大 43560 ['呼吸内科', '耳鼻咽喉科', '']
原发性肾上腺皮质功能减退症 75b3fa7f-4a67-11e6-804e-848f69fd6b70 ['内分泌科', '', '']
膈疝 44244 ['普外科', '', '']
支原体感染 41646 ['呼吸内科', '泌尿外科', '妇科']
化脓性胸膜炎 44810e98-31e1-11e6-804e-848f69fd6b70 ['胸外科', '', '']
异物进入其他腔口 186300a5-31e4-11e6-804e-848f69fd6b70 ['急诊科', '', '']
角膜异物 614c3d84-31e3-11e6-804e-848f69fd6b70 ['眼科', '', '']
麻痹性肠梗阻 40795 ['普外科', '消化内科', '']
急性支气管炎 44284 ['呼吸内科', '', '']
新生儿失血性贫血 37249 ['新生儿科', '血液科', '']
尿毒症性脑病 14102bac-31e2-11e6-804e-848f69fd6b70 ['神经内科', '肾内科', '']
胆囊结石伴慢性胆囊炎 98460929-31e1-11e6-804e-848f69fd6b70 ['肝胆外科', '', '']
慢性扁桃体炎 43557 ['口腔科', '', '']
肺囊肿 acd76c1b-ae22-11e5-9ee2-848f69fd6b70 ['呼吸内科', '', '']
颈椎骨折 NOS 17616f81-31e3-11e6-804e-848f69fd6b70 ['脊柱外科', '骨科', '']
新生儿肺炎 NOS 80dfaab6-31e2-11e6-804e-848f69fd6b70 ['新生儿科', '呼吸内科', '']
脊髓型颈椎病 38949 ['脊柱外科', '骨科', '']
半乳糖血症 37177 ['儿科', '消化内科', '']
癫痫 44215 ['神经内科', '', '']
阴道恶性肿瘤 951a9bad-31df-11e6-804e-848f69fd6b70 ['妇科', '肿瘤科', '']
稳定性心绞痛 41951 ['心血管内科', '', '']
新生儿糖尿病 8bfdeecb-31e2-11e6-804e-848f69fd6b70 ['新生儿科', '内分泌科', '']
尿道综合征 39719 ['泌尿外科', '', '']
肺动脉瓣狭窄 cb5f558c-4a67-11e6-804e-848f69fd6b70 ['心血管内科', '心血管外科', '']
肠套叠 41778 ['普外科', '', '']
肺脓肿 39092 ['呼吸内科', '', '']
软组织感染 b28ca049-31e1-11e6-804e-848f69fd6b70 ['全身', '', '']
阴道出血 4245d30e-31e2-11e6-804e-848f69fd6b70 ['妇科', '', '']
新生儿肺透明膜病 7fbd8ad2-31e2-11e6-804e-848f69fd6b70 ['新生儿科', '呼吸内科', '']
急性化脓性梗阻性胆管炎 9e19227c-31e1-11e6-804e-848f69fd6b70 ['肝胆外科', '', '']
嗜铬细胞瘤 43220 ['内分泌科', '泌尿外科', '']
慢性化脓性中耳炎 118786A1852FFC4AE0500A0AC86471F9 ['耳鼻咽喉科', '', '']
玻璃体混浊 44197 ['眼科', '', '']
乳房纤维囊性乳腺病 46d5950b-4a68-11e6-804e-848f69fd6b70 ['乳腺外科', '', '']
流行性腮腺炎性脑炎 23e68652-4a67-11e6-804e-848f69fd6b70 ['神经内科', '', '']
绞窄性肠梗阻 7f79811e-31e1-11e6-804e-848f69fd6b70 ['普外科', '消化内科', '']
泪道阻塞 44311 ['眼科', '', '']
直肠脱垂 41787 ['肛肠外科', '', '']
喉梗阻 118786A184E6FC4AE0500A0AC86471F9 ['呼吸内科', '耳鼻咽喉科', '']
脊髓缺血 41178 ['神经内科', '', '']
乳酸性酸中毒 434c3868-31e0-11e6-804e-848f69fd6b70 ['内分泌科', '', '']
胆道蛔虫病 41838 ['消化内科', '', '']
腹外疝 b0960d1c-ae22-11e5-9ee2-848f69fd6b70 ['普外科', '', '']
分泌性中耳炎 abd7729e-ae22-11e5-9ee2-848f69fd6b70 ['耳鼻咽喉科', '', '']
非淋菌性尿道炎 1e6111af-31e2-11e6-804e-848f69fd6b70 ['泌尿外科', '', '']
新生儿循环衰竭 83e8aded-31e2-11e6-804e-848f69fd6b70 ['新生儿科', '心血管内科', '']
急性荨麻疹 bf6b6ce2-31e1-11e6-804e-848f69fd6b70 ['皮肤科', '', '']
应激性溃疡 41731 ['消化内科', '', '']
急性喉炎 118786A1861EFC4AE0500A0AC86471F9 ['呼吸内科', '耳鼻咽喉科', '']
颈动脉狭窄 42061 ['神经外科', '血管外科', '']
亚急性坏死性脊髓炎 9fa37f3f-4a67-11e6-804e-848f69fd6b70 ['神经内科', '', '']
角膜溃疡 b0e8596b-4a67-11e6-804e-848f69fd6b70 ['眼科', '', '']
支气管哮喘 b70bbcca-ae22-11e5-9ee2-848f69fd6b70 ['呼吸内科', '', '']
绿脓杆菌性肺炎 26a85c2a-31e1-11e6-804e-848f69fd6b70 ['呼吸内科', '', '']
声带结节 32e97328-31e1-11e6-804e-848f69fd6b70 ['耳鼻咽喉科', '', '']
营养不良 1fddf478-9db1-471b-847d-0c45fcbb2b35 ['营养科', '', '']
耳内异物 61e47eef-31e3-11e6-804e-848f69fd6b70 ['耳鼻咽喉科', '', '']
乳腺增生 44360 ['乳腺外科', '', '']
骨关节结核 0d533e9b-31df-11e6-804e-848f69fd6b70 ['骨科', '感染科', '']
结核性脑膜炎 41378 ['神经内科', '传染科', '']
咽肌痉挛 37956802-31e1-11e6-804e-848f69fd6b70 ['呼吸内科', '耳鼻咽喉科', '']
湿疹 39902 ['皮肤科', '', '']
蝶窦恶性肿瘤 83a2d4f2-31df-11e6-804e-848f69fd6b70 ['耳鼻咽喉科', '肿瘤科', '']
急性脊髓炎 6a3bf5f8-31e0-11e6-804e-848f69fd6b70 ['神经内科', '', '']
单纯红细胞再生障碍性贫血 0e24939f-6eee-4dd5-be6c-e993f7defbf8 ['血液科', '', '']
先天性胆总管囊肿 41849 ['肝胆外科', '', '']
脂溢性皮炎 40160 ['皮肤科', '', '']
风湿热 38045 ['风湿免疫科', '', '']
脊柱骨折 44290 ['脊柱外科', '骨科', '']
骨筋膜室综合征 89609f27-31e0-11e6-804e-848f69fd6b70 ['骨科', '', '']
脓疱病性湿疹 a8d3d455-31e1-11e6-804e-848f69fd6b70 ['皮肤科', '', '']
吸入或咽下食物引起呼吸道梗阻 1b5fbf73-31e4-11e6-804e-848f69fd6b70 ['急诊科', '呼吸内科', '']
腰椎间盘脱出 38922 ['脊柱外科', '骨科', '']
动物咬伤或造成损伤 NOS 19f9dfbc-31e4-11e6-804e-848f69fd6b70 ['急诊科', '', '']
髌骨骨折 38803 ['骨科', '', '']
肛裂 40841 ['肛肠外科', '', '']
胰腺炎 44421 ['普外科', '消化内科', '']
小脑萎缩 41187 ['神经内科', '', '']
急性心力衰竭 b194e3dc-ae22-11e5-9ee2-848f69fd6b70 ['心血管内科', '', '']
痛风 NOS d68dd759-31e1-11e6-804e-848f69fd6b70 ['风湿免疫科', '', '']
主动脉瓣狭窄 41975 ['心血管内科', '心血管外科', '']
肘管综合征 38852 ['骨科', '', '']
肾结核 39662 ['肾内科', '', '']
